{
    "$schema": "http://schema.management.azure.com/schemas/2015-01-01/deploymentTemplate.json#",
    "contentVersion": "1.0.0.0",
    "parameters": {
        "factoryName": {
            "type": "string",
            "metadata": "Data Factory name",
            "defaultValue": "Ahold-dev-project"
        },
        "AzureBlobStorage1_connectionString": {
            "type": "secureString",
            "metadata": "Secure string for 'connectionString' of 'AzureBlobStorage1'",
            "defaultValue": "DefaultEndpointsProtocol=https;AccountName=devstorageblob06;EndpointSuffix=core.windows.net;"
        },
        "ls_AzureSynapseAnalytics_connectionString": {
            "type": "secureString",
            "metadata": "Secure string for 'connectionString' of 'ls_AzureSynapseAnalytics'",
            "defaultValue": "Integrated Security=False;Encrypt=True;Connection Timeout=30;Data Source=ahold-dxc-ws.sql.azuresynapse.net;Initial Catalog=ahold_dxc_sql_pool;User ID=ahold_dxc_synapse_server_admin"
        },
        "ls_AzureKeyVault1_properties_typeProperties_baseUrl": {
            "type": "string",
            "defaultValue": "https://ahold-dev-project.vault.azure.net/"
        },
        "trigger1_properties_typeProperties_scope": {
            "type": "string",
            "defaultValue": "/subscriptions/333ac52e-3634-4589-9f0f-ca7d69655107/resourceGroups/DefaultResourceGroup-CUS/providers/Microsoft.Storage/storageAccounts/devstorageblob06"
        },
        "containerUri": {
            "type": "string",
            "metadata": "URI to storage account containing linked ARM templates"
        },
        "containerSasToken": {
            "type": "string",
            "metadata": "Sas token to storage account containing linked ARM templates"
        }
    },
    "variables": {
        "factoryId": "[concat('Microsoft.DataFactory/factories/', parameters('factoryName'))]"
    },
    "resources": [
        {
            "name": "Ahold-dev-project_ArmTemplate_0",
            "type": "Microsoft.Resources/deployments",
            "apiVersion": "2018-02-01",
            "properties": {
                "mode": "incremental",
                "templateLink": {
                    "uri": "[concat(parameters('containerUri'), '/ArmTemplate_0.json', parameters('containerSasToken'))]",
                    "contentVersion": "1.0.0.0"
                },
                "parameters": {
                    "factoryName": {
                        "value": "[parameters('factoryName')]"
                    },
                    "AzureBlobStorage1_connectionString": {
                        "value": "[parameters('AzureBlobStorage1_connectionString')]"
                    },
                    "ls_AzureSynapseAnalytics_connectionString": {
                        "value": "[parameters('ls_AzureSynapseAnalytics_connectionString')]"
                    },
                    "ls_AzureKeyVault1_properties_typeProperties_baseUrl": {
                        "value": "[parameters('ls_AzureKeyVault1_properties_typeProperties_baseUrl')]"
                    },
                    "trigger1_properties_typeProperties_scope": {
                        "value": "[parameters('trigger1_properties_typeProperties_scope')]"
                    }
                }
            },
            "dependsOn": []
        }
    ]
}