{
    "$schema": "http://schema.management.azure.com/schemas/2015-01-01/deploymentTemplate.json#",
    "contentVersion": "1.0.0.0",
    "parameters": {
        "factoryName": {
            "type": "string",
            "metadata": "Data Factory name",
            "defaultValue": "Ahold-dev-project"
        },
        "AzureBlobStorage1_connectionString": {
            "type": "secureString",
            "metadata": "Secure string for 'connectionString' of 'AzureBlobStorage1'",
            "defaultValue": "DefaultEndpointsProtocol=https;AccountName=devstorageblob06;EndpointSuffix=core.windows.net;"
        },
        "ls_AzureSynapseAnalytics_connectionString": {
            "type": "secureString",
            "metadata": "Secure string for 'connectionString' of 'ls_AzureSynapseAnalytics'",
            "defaultValue": "Integrated Security=False;Encrypt=True;Connection Timeout=30;Data Source=ahold-dxc-ws.sql.azuresynapse.net;Initial Catalog=ahold_dxc_sql_pool;User ID=ahold_dxc_synapse_server_admin"
        },
        "ls_AzureKeyVault1_properties_typeProperties_baseUrl": {
            "type": "string",
            "defaultValue": "https://ahold-dev-project.vault.azure.net/"
        },
        "trigger1_properties_typeProperties_scope": {
            "type": "string",
            "defaultValue": "/subscriptions/333ac52e-3634-4589-9f0f-ca7d69655107/resourceGroups/DefaultResourceGroup-CUS/providers/Microsoft.Storage/storageAccounts/devstorageblob06"
        }
    },
    "variables": {
        "factoryId": "[concat('Microsoft.DataFactory/factories/', parameters('factoryName'))]"
    },
    "resources": [
        {
            "name": "[concat(parameters('factoryName'), '/ls_AzureKeyVault1')]",
            "type": "Microsoft.DataFactory/factories/linkedServices",
            "apiVersion": "2018-06-01",
            "properties": {
                "annotations": [],
                "type": "AzureKeyVault",
                "typeProperties": {
                    "baseUrl": "[parameters('ls_AzureKeyVault1_properties_typeProperties_baseUrl')]"
                }
            },
            "dependsOn": []
        },
        {
            "name": "[concat(parameters('factoryName'), '/AzureBlobStorage1')]",
            "type": "Microsoft.DataFactory/factories/linkedServices",
            "apiVersion": "2018-06-01",
            "properties": {
                "annotations": [],
                "type": "AzureBlobStorage",
                "typeProperties": {
                    "connectionString": "[parameters('AzureBlobStorage1_connectionString')]",
                    "accountKey": {
                        "type": "AzureKeyVaultSecret",
                        "store": {
                            "referenceName": "ls_AzureKeyVault1",
                            "type": "LinkedServiceReference"
                        },
                        "secretName": "storagekey",
                        "secretVersion": "fcd90e23f7844842acead8bc12ce507d"
                    }
                }
            },
            "dependsOn": [
                "[concat(variables('factoryId'), '/linkedServices/ls_AzureKeyVault1')]"
            ]
        },
        {
            "name": "[concat(parameters('factoryName'), '/AzureDatabricks1')]",
            "type": "Microsoft.DataFactory/factories/linkedServices",
            "apiVersion": "2018-06-01",
            "properties": {
                "annotations": [],
                "type": "AzureDatabricks",
                "typeProperties": {
                    "domain": "https://adb-7973431529507153.13.azuredatabricks.net",
                    "accessToken": {
                        "type": "AzureKeyVaultSecret",
                        "store": {
                            "referenceName": "ls_AzureKeyVault1",
                            "type": "LinkedServiceReference"
                        },
                        "secretName": "databrickstoken"
                    },
                    "newClusterNodeType": "Standard_D4s_v3",
                    "newClusterNumOfWorker": "1",
                    "newClusterSparkEnvVars": {
                        "PYSPARK_PYTHON": "/databricks/python3/bin/python3"
                    },
                    "newClusterVersion": "10.4.x-scala2.12",
                    "newClusterInitScripts": [],
                    "clusterOption": "Fixed"
                }
            },
            "dependsOn": [
                "[concat(variables('factoryId'), '/linkedServices/ls_AzureKeyVault1')]"
            ]
        },
        {
            "name": "[concat(parameters('factoryName'), '/ls_AzureSynapseAnalytics')]",
            "type": "Microsoft.DataFactory/factories/linkedServices",
            "apiVersion": "2018-06-01",
            "properties": {
                "annotations": [],
                "type": "AzureSqlDW",
                "typeProperties": {
                    "connectionString": "[parameters('ls_AzureSynapseAnalytics_connectionString')]",
                    "password": {
                        "type": "AzureKeyVaultSecret",
                        "store": {
                            "referenceName": "ls_AzureKeyVault1",
                            "type": "LinkedServiceReference"
                        },
                        "secretName": "synapsepwd"
                    }
                }
            },
            "dependsOn": [
                "[concat(variables('factoryId'), '/linkedServices/ls_AzureKeyVault1')]"
            ]
        },
        {
            "name": "[concat(parameters('factoryName'), '/AzureSynapseAnalyticsTable1')]",
            "type": "Microsoft.DataFactory/factories/datasets",
            "apiVersion": "2018-06-01",
            "properties": {
                "linkedServiceName": {
                    "referenceName": "ls_AzureSynapseAnalytics",
                    "type": "LinkedServiceReference"
                },
                "parameters": {
                    "table_name": {
                        "type": "String"
                    }
                },
                "annotations": [],
                "type": "AzureSqlDWTable",
                "schema": [],
                "typeProperties": {
                    "schema": "ahold_dxc",
                    "table": {
                        "value": "@dataset().table_name",
                        "type": "Expression"
                    }
                }
            },
            "dependsOn": [
                "[concat(variables('factoryId'), '/linkedServices/ls_AzureSynapseAnalytics')]"
            ]
        },
        {
            "name": "[concat(parameters('factoryName'), '/Config_file_DS')]",
            "type": "Microsoft.DataFactory/factories/datasets",
            "apiVersion": "2018-06-01",
            "properties": {
                "linkedServiceName": {
                    "referenceName": "AzureBlobStorage1",
                    "type": "LinkedServiceReference"
                },
                "annotations": [],
                "type": "DelimitedText",
                "typeProperties": {
                    "location": {
                        "type": "AzureBlobStorageLocation",
                        "fileName": "Config.csv",
                        "folderPath": "config_file",
                        "container": "raw"
                    },
                    "columnDelimiter": ",",
                    "escapeChar": "\\",
                    "firstRowAsHeader": true,
                    "quoteChar": "\""
                },
                "schema": [
                    {
                        "type": "String"
                    },
                    {
                        "type": "String"
                    },
                    {
                        "type": "String"
                    },
                    {
                        "type": "String"
                    },
                    {
                        "type": "String"
                    }
                ]
            },
            "dependsOn": [
                "[concat(variables('factoryId'), '/linkedServices/AzureBlobStorage1')]"
            ]
        },
        {
            "name": "[concat(parameters('factoryName'), '/Source_DS')]",
            "type": "Microsoft.DataFactory/factories/datasets",
            "apiVersion": "2018-06-01",
            "properties": {
                "linkedServiceName": {
                    "referenceName": "AzureBlobStorage1",
                    "type": "LinkedServiceReference"
                },
                "annotations": [],
                "type": "DelimitedText",
                "typeProperties": {
                    "location": {
                        "type": "AzureBlobStorageLocation",
                        "folderPath": "input",
                        "container": "raw"
                    },
                    "columnDelimiter": ",",
                    "escapeChar": "\\",
                    "firstRowAsHeader": true,
                    "quoteChar": "\""
                },
                "schema": [
                    {
                        "name": "DEPARTMENT_ID",
                        "type": "String"
                    },
                    {
                        "name": "DEPARTMENT_NAME",
                        "type": "String"
                    },
                    {
                        "name": "MANAGER_ID",
                        "type": "String"
                    },
                    {
                        "name": "LOCATION_ID",
                        "type": "String"
                    }
                ]
            },
            "dependsOn": [
                "[concat(variables('factoryId'), '/linkedServices/AzureBlobStorage1')]"
            ]
        },
        {
            "name": "[concat(parameters('factoryName'), '/ds_stg_file')]",
            "type": "Microsoft.DataFactory/factories/datasets",
            "apiVersion": "2018-06-01",
            "properties": {
                "linkedServiceName": {
                    "referenceName": "AzureBlobStorage1",
                    "type": "LinkedServiceReference"
                },
                "parameters": {
                    "file_name": {
                        "type": "String"
                    }
                },
                "annotations": [],
                "type": "DelimitedText",
                "typeProperties": {
                    "location": {
                        "type": "AzureBlobStorageLocation",
                        "fileName": {
                            "value": "@dataset().file_name",
                            "type": "Expression"
                        },
                        "folderPath": "staging",
                        "container": "raw"
                    },
                    "columnDelimiter": ",",
                    "escapeChar": "\"",
                    "firstRowAsHeader": true,
                    "quoteChar": "\""
                },
                "schema": [
                    {
                        "type": "String"
                    },
                    {
                        "type": "String"
                    },
                    {
                        "type": "String"
                    },
                    {
                        "type": "String"
                    },
                    {
                        "type": "String"
                    },
                    {
                        "type": "String"
                    },
                    {
                        "type": "String"
                    },
                    {
                        "type": "String"
                    },
                    {
                        "type": "String"
                    },
                    {
                        "type": "String"
                    },
                    {
                        "type": "String"
                    },
                    {
                        "type": "String"
                    },
                    {
                        "type": "String"
                    }
                ]
            },
            "dependsOn": [
                "[concat(variables('factoryId'), '/linkedServices/AzureBlobStorage1')]"
            ]
        },
        {
            "name": "[concat(parameters('factoryName'), '/Copy_blob_to_DeltaLake')]",
            "type": "Microsoft.DataFactory/factories/pipelines",
            "apiVersion": "2018-06-01",
            "properties": {
                "activities": [
                    {
                        "name": "Config data Lookup",
                        "description": "To read the config data",
                        "type": "Lookup",
                        "dependsOn": [],
                        "policy": {
                            "timeout": "0.12:00:00",
                            "retry": 5,
                            "retryIntervalInSeconds": 30,
                            "secureOutput": false,
                            "secureInput": false
                        },
                        "userProperties": [],
                        "typeProperties": {
                            "source": {
                                "type": "DelimitedTextSource",
                                "storeSettings": {
                                    "type": "AzureBlobStorageReadSettings",
                                    "recursive": true,
                                    "enablePartitionDiscovery": false
                                },
                                "formatSettings": {
                                    "type": "DelimitedTextReadSettings"
                                }
                            },
                            "dataset": {
                                "referenceName": "Config_file_DS",
                                "type": "DatasetReference",
                                "parameters": {}
                            }
                        }
                    },
                    {
                        "name": "Source file info",
                        "description": "No of files",
                        "type": "GetMetadata",
                        "dependsOn": [
                            {
                                "activity": "Config data Lookup",
                                "dependencyConditions": [
                                    "Succeeded"
                                ]
                            }
                        ],
                        "policy": {
                            "timeout": "0.12:00:00",
                            "retry": 0,
                            "retryIntervalInSeconds": 30,
                            "secureOutput": false,
                            "secureInput": false
                        },
                        "userProperties": [],
                        "typeProperties": {
                            "dataset": {
                                "referenceName": "Source_DS",
                                "type": "DatasetReference",
                                "parameters": {}
                            },
                            "fieldList": [
                                "childItems"
                            ],
                            "storeSettings": {
                                "type": "AzureBlobStorageReadSettings",
                                "recursive": true,
                                "modifiedDatetimeStart": {
                                    "value": "@activity('Config data Lookup').output.firstRow.LastUpdatedTime",
                                    "type": "Expression"
                                },
                                "modifiedDatetimeEnd": {
                                    "value": "@utcNow()",
                                    "type": "Expression"
                                },
                                "enablePartitionDiscovery": false
                            },
                            "formatSettings": {
                                "type": "DelimitedTextReadSettings"
                            }
                        }
                    },
                    {
                        "name": "Iterating each file",
                        "type": "ForEach",
                        "dependsOn": [
                            {
                                "activity": "Source file info",
                                "dependencyConditions": [
                                    "Succeeded"
                                ]
                            }
                        ],
                        "userProperties": [],
                        "typeProperties": {
                            "items": {
                                "value": "@activity('Source file info').output.childItems",
                                "type": "Expression"
                            },
                            "activities": [
                                {
                                    "name": "Copy_blob_delta_table",
                                    "type": "DatabricksNotebook",
                                    "dependsOn": [],
                                    "policy": {
                                        "timeout": "0.12:00:00",
                                        "retry": 0,
                                        "retryIntervalInSeconds": 30,
                                        "secureOutput": false,
                                        "secureInput": false
                                    },
                                    "userProperties": [],
                                    "typeProperties": {
                                        "notebookPath": "/Copy_blob_delta_table",
                                        "baseParameters": {
                                            "rawPath": {
                                                "value": "@activity('Config data Lookup').output.firstRow.rawPath",
                                                "type": "Expression"
                                            },
                                            "fileName": {
                                                "value": "@item().name",
                                                "type": "Expression"
                                            }
                                        }
                                    },
                                    "linkedServiceName": {
                                        "referenceName": "AzureDatabricks1",
                                        "type": "LinkedServiceReference"
                                    }
                                },
                                {
                                    "name": "Copy To SQLDW",
                                    "type": "Copy",
                                    "dependsOn": [
                                        {
                                            "activity": "Copy_blob_delta_table",
                                            "dependencyConditions": [
                                                "Succeeded"
                                            ]
                                        }
                                    ],
                                    "policy": {
                                        "timeout": "0.12:00:00",
                                        "retry": 0,
                                        "retryIntervalInSeconds": 30,
                                        "secureOutput": false,
                                        "secureInput": false
                                    },
                                    "userProperties": [],
                                    "typeProperties": {
                                        "source": {
                                            "type": "DelimitedTextSource",
                                            "storeSettings": {
                                                "type": "AzureBlobStorageReadSettings",
                                                "recursive": true,
                                                "enablePartitionDiscovery": false
                                            },
                                            "formatSettings": {
                                                "type": "DelimitedTextReadSettings"
                                            }
                                        },
                                        "sink": {
                                            "type": "SqlDWSink",
                                            "allowCopyCommand": true,
                                            "copyCommandSettings": {},
                                            "tableOption": "autoCreate",
                                            "disableMetricsCollection": false
                                        },
                                        "enableStaging": true,
                                        "stagingSettings": {
                                            "linkedServiceName": {
                                                "referenceName": "AzureBlobStorage1",
                                                "type": "LinkedServiceReference"
                                            },
                                            "path": "raw/stg"
                                        }
                                    },
                                    "inputs": [
                                        {
                                            "referenceName": "ds_stg_file",
                                            "type": "DatasetReference",
                                            "parameters": {
                                                "file_name": {
                                                    "value": "@item().name",
                                                    "type": "Expression"
                                                }
                                            }
                                        }
                                    ],
                                    "outputs": [
                                        {
                                            "referenceName": "AzureSynapseAnalyticsTable1",
                                            "type": "DatasetReference",
                                            "parameters": {
                                                "table_name": {
                                                    "value": "@first(split(item().name,'.'))",
                                                    "type": "Expression"
                                                }
                                            }
                                        }
                                    ]
                                }
                            ]
                        }
                    },
                    {
                        "name": "Update Config",
                        "type": "DatabricksNotebook",
                        "dependsOn": [
                            {
                                "activity": "Iterating each file",
                                "dependencyConditions": [
                                    "Succeeded"
                                ]
                            }
                        ],
                        "policy": {
                            "timeout": "0.12:00:00",
                            "retry": 0,
                            "retryIntervalInSeconds": 30,
                            "secureOutput": false,
                            "secureInput": false
                        },
                        "userProperties": [],
                        "typeProperties": {
                            "notebookPath": "/Update_config",
                            "baseParameters": {
                                "config_path": {
                                    "value": "@activity('Config data Lookup').output.firstRow.configPath",
                                    "type": "Expression"
                                }
                            }
                        },
                        "linkedServiceName": {
                            "referenceName": "AzureDatabricks1",
                            "type": "LinkedServiceReference"
                        }
                    }
                ],
                "policy": {
                    "elapsedTimeMetric": {},
                    "cancelAfter": {}
                },
                "parameters": {
                    "Source": {
                        "type": "string",
                        "defaultValue": "TED"
                    }
                },
                "annotations": []
            },
            "dependsOn": [
                "[concat(variables('factoryId'), '/datasets/Config_file_DS')]",
                "[concat(variables('factoryId'), '/datasets/Source_DS')]",
                "[concat(variables('factoryId'), '/linkedServices/AzureDatabricks1')]",
                "[concat(variables('factoryId'), '/datasets/ds_stg_file')]",
                "[concat(variables('factoryId'), '/datasets/AzureSynapseAnalyticsTable1')]",
                "[concat(variables('factoryId'), '/linkedServices/AzureBlobStorage1')]"
            ]
        },
        {
            "name": "[concat(parameters('factoryName'), '/trigger1')]",
            "type": "Microsoft.DataFactory/factories/triggers",
            "apiVersion": "2018-06-01",
            "properties": {
                "annotations": [],
                "runtimeState": "Stopped",
                "pipelines": [
                    {
                        "pipelineReference": {
                            "referenceName": "Copy_blob_to_DeltaLake",
                            "type": "PipelineReference"
                        },
                        "parameters": {}
                    }
                ],
                "type": "BlobEventsTrigger",
                "typeProperties": {
                    "blobPathBeginsWith": "/raw/blobs/input/",
                    "ignoreEmptyBlobs": true,
                    "scope": "[parameters('trigger1_properties_typeProperties_scope')]",
                    "events": [
                        "Microsoft.Storage.BlobCreated"
                    ]
                }
            },
            "dependsOn": [
                "[concat(variables('factoryId'), '/pipelines/Copy_blob_to_DeltaLake')]"
            ]
        }
    ]
}