{
    "$schema": "https://schema.management.azure.com/schemas/2015-01-01/deploymentParameters.json#",
    "contentVersion": "1.0.0.0",
    "parameters": {
        "factoryName": {
            "value": "Ahold-dev-project"
        },
        "AzureBlobStorage1_connectionString": {
            "value": "DefaultEndpointsProtocol=https;AccountName=devstorageblob06;EndpointSuffix=core.windows.net;"
        },
        "ls_AzureSynapseAnalytics_connectionString": {
            "value": "Integrated Security=False;Encrypt=True;Connection Timeout=30;Data Source=ahold-dxc-ws.sql.azuresynapse.net;Initial Catalog=ahold_dxc_sql_pool;User ID=ahold_dxc_synapse_server_admin"
        },
        "ls_AzureKeyVault1_properties_typeProperties_baseUrl": {
            "value": "https://ahold-dev-project.vault.azure.net/"
        },
        "trigger1_properties_typeProperties_scope": {
            "value": "/subscriptions/333ac52e-3634-4589-9f0f-ca7d69655107/resourceGroups/DefaultResourceGroup-CUS/providers/Microsoft.Storage/storageAccounts/devstorageblob06"
        }
    }
}